PROJ_NUM,STUDY_NUM,PROJ_ID,PROJ_NAME
40,1,PMN 1978-4,PMN 1978-4
41,4,DW 1978-4,DW 1978-4
42,5,SW 1978-4,SW 1978-4
53,3,TR 1978-3,TR 1978-3
54,1,PMNC 1978-4,PMNC 1978-4
57,5,SW 1978-3,SW 1978-3
61,3,TR 1978-4,TR 1978-4
66,2,PUUA 1978-3,PUUA 1978-3
67,2,PUUA 1978-4,PUUA 1978-4
68,4,DWCP 1978,DWCP 1978
69,1,PMN 1979-1,PMN 1979-1
70,5,SW 1979-1,SW 1979-1
71,4,DW 1979-1,DW 1979-1
73,1,PMNC 1979-1,PMNC 1979-1
76,3,TR 1979-1,TR 1979-1
80,1,PMN 1979-2,PMN 1979-2
81,4,DW 1979-2,DW 1979-2
82,5,SW 1979-2,SW 1979-2
90,3,TR 1979-2,TR 1979-2
91,2,PUUA 1979-1,PUUA 1979-1
93,1,PMN 1979-3,PMN 1979-3
94,4,DW 1979-3,DW 1979-3
95,5,SW 1979-3,SW 1979-3
96,1,PMNC 1979-2,PMNC 1979-2
98,3,TRCP 1979,TRCP 1979
100,3,TR 1979-3,TR 1979-3
104,1,PMN 1979-4,PMN 1979-4
105,4,DW 1979-4,DW 1979-4
106,5,SW 1979-4,SW 1979-4
107,2,PUUA 1979-2,PUUA 1979-2
108,1,PMNC 1979-4,PMNC 1979-4
109,3,TR 1979-4,TR 1979-4
111,1,PMN 1980-1,PMN 1980-1
112,4,DW 1980-1,DW 1980-1
113,5,SW 1980-1,SW 1980-1
114,2,PUUA 1979-3,PUUA 1979-3
121,1,PMNC 1980-1,PMNC 1980-1
123,3,TR 1980-1,TR 1980-1
132,1,PMN 1980-2,PMN 1980-2
133,4,DW 1980-2,DW 1980-2
134,5,SW 1980-2,SW 1980-2
135,2,PUUA 1979-4,PUUA 1979-4
136,4,DWCP 1979,DWCP 1979
139,1,PMNC 1980-2,PMNC 1980-2
146,2,PUUA 1980-1,PUUA 1980-1
147,3,TR 1980-2,TR 1980-2
151,4,DW 1980-3,DW 1980-3
152,5,SW 1980-3,SW 1980-3
153,1,PMN 1980-3,PMN 1980-3
155,3,TRCP 1980,TRCP 1980
158,2,PUUA 1980-2,PUUA 1980-2
161,3,TR 1980-3,TR 1980-3
167,4,DW 1980-4,DW 1980-4
169,1,PMN 1980-4,PMN 1980-4
170,5,SW 1980-4,SW 1980-4
173,1,PMNC 1980-4,PMNC 1980-4
174,2,PUUA 1980-3,PUUA 1980-3
175,3,TR 1980-4,TR 1980-4
179,4,DW 1981-1,DW 1981-1
180,1,PMN 1981-1,PMN 1981-1
181,5,SW 1981-1,SW 1981-1
182,4,DWCP 1980,DWCP 1980
184,1,PMNC 1981-1,PMNC 1981-1
187,2,RAN 1981-1,RAN 1981-1
190,2,PUUA 1980-4,PUUA 1980-4
192,3,TR 1981-1,TR 1981-1
198,1,PMN 1981-2,PMN 1981-2
199,4,DW 1981-2,DW 1981-2
200,5,SW 1981-2,SW 1981-2
201,2,RAN 1981-2,RAN 1981-2
202,2,PUUA 1981-1,PUUA 1981-1
206,3,TR 1981-2,TR 1981-2
207,1,PMNC 1981-2,PMNC 1981-2
210,1,PMN 1981-3,PMN 1981-3
211,2,RAN 1981-3,RAN 1981-3
212,4,DW 1981-3,DW 1981-3
213,5,SW 1981-3,SW 1981-3
216,2,PUUA 1981-2,PUUA 1981-2
219,3,TR 1981-3,TR 1981-3
226,4,DW 1981-4,DW 1981-4
227,5,SW 1981-4,SW 1981-4
228,1,PMN 1981-4,PMN 1981-4
229,2,RAN 1981-4,RAN 1981-4
230,2,PUUA 1981-3,PUUA 1981-3
231,1,PMNC 1981-4,PMNC 1981-4
232,3,TR 1981-4,TR 1981-4
234,3,TRCP 1981,TRCP 1981
235,1,PMN 1982-1,PMN 1982-1
236,2,RAN 1982-1,RAN 1982-1
237,4,DW 1982-1,DW 1982-1
238,5,SW 1982-1,SW 1982-1
239,4,DWCP 1981,DWCP 1981
240,1,PMNC 1982-1,PMNC 1982-1
241,2,PUUA 1981-4,PUUA 1981-4
242,3,TR 1982-1,TR 1982-1
245,1,PMN 1982-2,PMN 1982-2
246,2,RAN 1982-2,RAN 1982-2
247,4,DW 1982-2,DW 1982-2
248,5,SW 1982-2,SW 1982-2
250,2,PUUA 1982-1,PUUA 1982-1
252,1,PMNC 1982-2,PMNC 1982-2
253,3,TR 1982-2,TR 1982-2
257,4,DW 1982-3,DW 1982-3
258,5,SW 1982-3,SW 1982-3
259,1,PMN 1982-3,PMN 1982-3
260,2,RAN 1982-3,RAN 1982-3
262,2,PUUA 1982-2,PUUA 1982-2
264,3,TRCP 1982,TRCP 1982
265,3,TR 1982-3,TR 1982-3
267,2,RAN 1982-4,RAN 1982-4
268,4,DW 1982-4,DW 1982-4
269,1,PMN 1982-4,PMN 1982-4
271,5,SW 1982-4,SW 1982-4
273,2,PUUA 1982-3,PUUA 1982-3
275,1,PMNC 1982-4,PMNC 1982-4
276,3,TR 1982-4,TR 1982-4
287,1,PMN 1983-1,PMN 1983-1
288,2,RAN 1983-1,RAN 1983-1
289,4,DW 1983-1,DW 1983-1
290,5,SW 1983-1,SW 1983-1
292,4,DWCP 1982,DWCP 1982
294,2,PUUA 1982-4,PUUA 1982-4
297,3,TR 1983-1,TR 1983-1
298,24,KR,Kr-85 in Air
302,4,DW 1983-2,DW 1983-2
303,2,RAN 1983-2,RAN 1983-2
304,5,SW 1983-2,SW 1983-2
305,1,PMN 1983-2,PMN 1983-2
308,1,PMNC 1983-1,PMNC 1983-1
311,2,PUUA 1983-1,PUUA 1983-1
314,3,TR 1983-2,TR 1983-2
315,1,PMNC 1983-2,PMNC 1983-2
316,1,PMN 1983-3,PMN 1983-3
317,2,RAN 1983-3,RAN 1983-3
318,4,DW 1983-3,DW 1983-3
321,5,SW 1983-3,SW 1983-3
322,3,TRCP 1983,TRCP 1983
326,2,PUUA 1983-2,PUUA 1983-2
328,3,TR 1983-3,TR 1983-3
333,1,PMN 1983-4,PMN 1983-4
334,2,RAN 1983-4,RAN 1983-4
335,4,DW 1983-4,DW 1983-4
336,5,SW 1983-4,SW 1983-4
338,2,PUUA 1983-3,PUUA 1983-3
339,3,TR 1983-4,TR 1983-4
341,1,PMNC 1983-4,PMNC 1983-4
345,1,PMN 1984-1,PMN 1984-1
346,4,DW 1984-1,DW 1984-1
347,5,SW 1984-1,SW 1984-1
348,2,RAN 1984-1,RAN 1984-1
349,4,DWCP 1983,DWCP 1983
350,2,PUUA 1983-4,PUUA 1983-4
352,3,TR 1984-1,TR 1984-1
353,1,PMNC 1984-1,PMNC 1984-1
357,1,PMN 1984-2,PMN 1984-2
358,2,RAN 1984-2,RAN 1984-2
359,4,DW 1984-2,DW 1984-2
360,5,SW 1984-2,SW 1984-2
368,3,TR 1984-2,TR 1984-2
375,1,PMNC 1984-2,PMNC 1984-2
378,2,PUUA 1984-1,PUUA 1984-1
379,1,PMN 1984-3,PMN 1984-3
380,2,RAN 1984-3,RAN 1984-3
381,5,SW 1984-3,SW 1984-3
382,4,DW 1984-3,DW 1984-3
383,3,TRCP 1984,TRCP 1984
386,3,TR 1984-3,TR 1984-3
392,1,PMN 1984-4,PMN 1984-4
393,2,RAN 1984-4,RAN 1984-4
394,4,DW 1984-4,DW 1984-4
396,5,SW 1984-4,SW 1984-4
397,2,PUUA 1984-2,PUUA 1984-2
401,1,PMNC 1984-4,PMNC 1984-4
402,3,TR 1984-4,TR 1984-4
403,2,PUUA 1984-3,PUUA 1984-3
405,1,PMN 1985-1,PMN 1985-1
406,2,RAN 1985-1,RAN 1985-1
407,4,DW 1985-1,DW 1985-1
408,5,SW 1985-1,SW 1985-1
409,4,DWCP 1984,DWCP 1984
416,3,TR 1985-1,TR 1985-1
426,1,PMNC 1985-1,PMNC 1985-1
427,2,RAN 1985-2,RAN 1985-2
428,1,PMN 1985-2,PMN 1985-2
429,5,SW 1985-2,SW 1985-2
430,4,DW 1985-2,DW 1985-2
434,2,PUUA 1984-4,PUUA 1984-4
438,2,PUUA 1985-1,PUUA 1985-1
440,3,TR 1985-2,TR 1985-2
441,1,PMNC 1985-2,PMNC 1985-2
444,2,RAN 1985-3,RAN 1985-3
445,1,PMN 1985-3,PMN 1985-3
446,4,DW 1985-3,DW 1985-3
447,5,SW 1985-3,SW 1985-3
454,3,TRCP 1985,TRCP 1985
455,3,TR 1985-3,TR 1985-3
467,1,PMN 1985-4,PMN 1985-4
468,2,RAN 1985-4,RAN 1985-4
469,4,DW 1985-4,DW 1985-4
470,5,SW 1985-4,SW 1985-4
472,1,PMNC 1985-4,PMNC 1985-4
473,3,TR 1985-4,TR 1985-4
474,4,DWCP 1985,DWCP 1985
475,4,DW 1986-1,DW 1986-1
476,5,SW 1986-1,SW 1986-1
477,1,PMN 1986-1,PMN 1986-1
478,2,RAN 1986-1,RAN 1986-1
479,2,PUUA 1985-4,PUUA 1985-4
484,3,TR 1986-1,TR 1986-1
487,1,PMNC 1986-1,PMNC 1986-1
488,2,RAN 1986-2,RAN 1986-2
489,4,DW 1986-2,DW 1986-2
490,1,PMN 1986-2,PMN 1986-2
491,5,SW 1986-2,SW 1986-2
497,3,TR 1986-2,TR 1986-2
500,4,DW 1986-3,DW 1986-3
501,1,PMN 1986-3,PMN 1986-3
502,2,RAN 1986-3,RAN 1986-3
503,5,SW 1986-3,SW 1986-3
514,2,PUUA 1986-1,PUUA 1986-1
517,3,TR 1986-3,TR 1986-3
518,2,PUUA 1986-2,PUUA 1986-2
519,1,PMN 1986-4,PMN 1986-4
520,4,DW 1986-4,DW 1986-4
521,5,SW 1986-4,SW 1986-4
522,2,RAN 1986-4,RAN 1986-4
538,1,PMNC 1986-4,PMNC 1986-4
539,2,PUUA 1986-3,PUUA 1986-3
540,2,PUUA 1986-4,PUUA 1986-4
542,3,TR 1986-4,TR 1986-4
543,3,TRCP 1986,TRCP 1986
544,5,SW 1987-1,SW 1987-1
545,4,DW 1987-1,DW 1987-1
546,1,PMN 1987-1,PMN 1987-1
547,2,RAN 1987-1,RAN 1987-1
550,4,DWCP 1986,DWCP 1986
554,1,PMNC 1987-1,PMNC 1987-1
556,3,TR 1987-1,TR 1987-1
560,1,PMN 1987-2,PMN 1987-2
561,4,DW 1987-2,DW 1987-2
562,5,SW 1987-2,SW 1987-2
563,2,RAN 1987-2,RAN 1987-2
566,1,PMNC 1987-2,PMNC 1987-2
568,2,PUUA 1987-1,PUUA 1987-1
569,2,PUUA 1987-2,PUUA 1987-2
570,3,TR 1987-2,TR 1987-2
574,3,TRCP 1987,TRCP 1987
575,1,PMN 1987-3,PMN 1987-3
576,5,SW 1987-3,SW 1987-3
577,4,DW 1987-3,DW 1987-3
578,2,RAN 1987-3,RAN 1987-3
588,3,TR 1987-3,TR 1987-3
593,1,PMN 1987-4,PMN 1987-4
594,2,RAN 1987-4,RAN 1987-4
595,4,DW 1987-4,DW 1987-4
596,5,SW 1987-4,SW 1987-4
601,1,PMNC 1987-4,PMNC 1987-4
602,3,TR 1987-4,TR 1987-4
604,2,PUUA 1987-3,PUUA 1987-3
606,4,DWCP 1987,DWCP 1987
608,5,SW 1988-1,SW 1988-1
609,4,DW 1988-1,DW 1988-1
610,2,RAN 1988-1,RAN 1988-1
611,1,PMN 1988-1,PMN 1988-1
615,2,PUUA 1987-4,PUUA 1987-4
617,1,PMNC 1988-1,PMNC 1988-1
619,3,TR 1988-1,TR 1988-1
626,1,PMN 1988-2,PMN 1988-2
627,4,DW 1988-2,DW 1988-2
628,5,SW 1988-2,SW 1988-2
629,2,RAN 1988-2,RAN 1988-2
632,2,PUUA 1988-1,PUUA 1988-1
633,1,PMNC 1988-2,PMNC 1988-2
636,3,TR 1988-2,TR 1988-2
639,3,TRCP 1988,TRCP 1988
640,1,PMN 1988-3,PMN 1988-3
641,4,DW 1988-3,DW 1988-3
642,5,SW 1988-3,SW 1988-3
643,2,RAN 1988-3,RAN 1988-3
646,2,PUUA 1988-2,PUUA 1988-2
647,3,TR 1988-3,TR 1988-3
653,1,PMN 1988-4,PMN 1988-4
654,2,RAN 1988-4,RAN 1988-4
655,4,DW 1988-4,DW 1988-4
656,5,SW 1988-4,SW 1988-4
659,3,TR 1988-4,TR 1988-4
660,1,PMNC 1988-4,PMNC 1988-4
661,2,PUUA 1988-3,PUUA 1988-3
662,4,DWCP 1988,DWCP 1988
663,1,PMN 1989-1,PMN 1989-1
664,4,DW 1989-1,DW 1989-1
665,2,RAN 1989-1,RAN 1989-1
666,5,SW 1989-1,SW 1989-1
667,2,PUUA 1988-4,PUUA 1988-4
668,1,PMNC 1989-1,PMNC 1989-1
672,3,TR 1989-1,TR 1989-1
680,4,DW 1989-2,DW 1989-2
681,1,PMN 1989-2,PMN 1989-2
682,2,RAN 1989-2,RAN 1989-2
683,5,SW 1989-2,SW 1989-2
689,3,TR 1989-2,TR 1989-2
690,1,PMNC 1989-2,PMNC 1989-2
692,1,PMN 1989-3,PMN 1989-3
693,2,RAN 1989-3,RAN 1989-3
694,5,SW 1989-3,SW 1989-3
695,4,DW 1989-3,DW 1989-3
696,2,PUUA 1989-1,PUUA 1989-1
698,3,TRCP 1989,TRCP 1989
699,3,TRCP 1989-X,TRCP 1989 - Samples not analyzed
701,3,TR 1989-3,TR 1989-3
704,2,PUUA 1989-2,PUUA 1989-2
714,4,DW 1989-4,DW 1989-4
715,2,RAN 1989-4,RAN 1989-4
716,1,PMN 1989-4,PMN 1989-4
717,5,SW 1989-4,SW 1989-4
720,3,TR 1989-4,TR 1989-4
721,2,PUUA 1989-4,"Plutonium and Uranium Composites, Jul-Dec 1989"
723,1,PMNC 1989-4,PMNC 1989-4
724,4,DWCP 1989,DWCP 1989
725,1,PMN 1990-1,PMN 1990-1
726,4,DW 1990-1,DW 1990-1
727,5,SW 1990-1,SW 1990-1
728,2,RAN 1990-1,RAN 1990-1
731,3,TR 1990-1,TR 1990-1
743,1,PMNC 1990-1,PMNC 1990-1
744,1,PMN 1990-2,PMN 1990-2
745,4,DW 1990-2,DW 1990-2
746,2,RAN 1990-2,RAN 1990-2
747,5,SW 1990-2,SW 1990-2
749,3,TR 1990-2,TR 1990-2
751,2,RAN 1990-3,RAN 1990-3
752,1,PMN 1990-3,PMN 1990-3
753,4,DW 1990-3,DW 1990-3
754,5,SW 1990-3,SW 1990-3
756,1,PMNC 1990-2,PMNC 1990-2
758,3,TR 1990-3,TR 1990-3
759,3,TRCP 1990,TRCP 1990
761,2,RAN 1990-4,RAN 1990-4
762,4,DW 1990-4,DW 1990-4
763,1,PMN 1990-4,PMN 1990-4
764,5,SW 1990-4,SW 1990-4
766,3,TR 1990-4,TR 1990-4
767,4,DW 1991-1,DW 1991-1
768,5,SW 1991-1,SW 1991-1
769,1,PMN 1991-1,PMN 1991-1
770,2,RAN 1991-1,RAN 1991-1
775,3,TR 1991-1,TR 1991-1
776,4,DWCP 1990,DWCP 1990-
777,4,DWCP 1990-4,DWCP 1990-4
782,2,RAN 1991-2,RAN 1991-2
783,5,SW 1991-2,SW 1991-2
784,4,DW 1991-2,DW 1991-2
785,1,PMN 1991-2,PMN 1991-2
787,3,TR 1991-2,TR 1991-2
790,1,PMNC 1990-4,PMNC 1990-4
791,2,RAN 1991-3,RAN 1991-3
792,4,DW 1991-3,DW 1991-3
793,1,PMN 1991-3,PMN 1991-3
794,5,SW 1991-3,SW 1991-3
796,1,PMNC 1991-1,PMNC 1991-1
797,2,PUUA 1990-2,PUUA 1990-2
801,3,TRCP 1991,TRCP 1991
803,2,PUUA 1990-4,PUUA 1990-4
804,3,TR 1991-3,TR 1991-3
807,1,PMNC 1991-2,PMNC 1991-2
811,2,PUUA 1991-2,PUUA 1991-2
812,2,RAN 1991-4,RAN 1991-4
813,1,PMN 1991-4,PMN 1991-4
814,4,DW 1991-4,DW 1991-4
816,5,SW 1991-4,SW 1991-4
818,3,TR 1991-4,TR 1991-4
825,1,PMNC 1991-4,PMNC 1991-4
826,4,DWCP 1991,DWCP 1991
827,2,RAN 1992-1,RAN 1992-1
828,1,PMN 1992-1,PMN 1992-1
829,4,DW 1992-1,DW 1992-1
830,5,SW 1992-1,SW 1992-1
832,2,PUUA 1991-4,PUUA 1991-4
833,3,TR 1992-1,TR 1992-1
835,1,PMN 1992-2,PMN 1992-2
836,4,DW 1992-2,DW 1992-2
837,2,RAN 1992-2,RAN 1992-2
838,5,SW 1992-2,SW 1992-2
840,1,PMNC 1992-1,PMNC 1992-1
844,3,TR 1992-2,TR 1992-2
849,2,RAN 1992-3,RAN 1992-3
850,5,SW 1992-3,SW 1992-3
851,4,DW 1992-3,DW 1992-3
852,1,PMN 1992-3,PMN 1992-3
855,1,PMNC 1992-2,PMNC 1992-2
857,3,TRCP 1992,TRCP 1992
859,3,TR 1992-3,TR 1992-3
865,2,RAN 1992-4,RAN 1992-4
866,1,PMN 1992-4,PMN 1992-4
869,4,DW 1992-4,DW 1992-4
870,5,SW 1992-4,SW 1992-4
873,1,PMNC 1992-4,PMNC 1992-4
876,3,TR 1992-4,TR 1992-4
877,2,PUUA 1992-2,PUUA 1992-2
880,4,DWCP 1992,DWCP 1992
881,4,DW 1993-1,DW 1993-1
882,5,SW 1993-1,SW 1993-1
883,1,PMN 1993-1,PMN 1993-1
884,2,RAN 1993-1,RAN 1993-1
889,3,TR 1993-1,TR 1993-1
890,2,PUUA 1992-4,PUUA 1992-4
892,2,RAN 1993-2,RAN 1993-2
893,4,DW 1993-2,DW 1993-2
894,5,SW 1993-2,SW 1993-2
895,1,PMN 1993-2,PMN 1993-2
897,1,PMNC 1993-1,PMNC 1993-1
898,3,TR 1993-2,TR 1993-2
906,2,RAN 1993-3,RAN 1993-3
907,1,PMN 1993-3,PMN 1993-3
908,5,SW 1993-3,SW 1993-3
909,4,DW 1993-3,DW 1993-3
910,1,PMNC 1993-2,PMNC 1993-2
914,3,TRCP 1993,TRCP 1993
916,3,TR 1993-3,TR 1993-3
920,2,PUUA 1993-2,PUUA 1993-2
928,4,DW 1993-4,DW 1993-4
929,2,RAN 1993-4,RAN 1993-4
930,1,PMN 1993-4,PMN 1993-4
931,5,SW 1993-4,SW 1993-4
936,3,TR 1993-4,TR 1993-4
939,1,PMNC 1993-4,PMNC 1993-4
943,4,DWCP 1993,DWCP 1993
945,4,DW 1994-1,DW 1994-1
946,2,RAN 1994-1,RAN 1994-1
947,1,PMN 1994-1,PMN 1994-1
948,5,SW 1994-1,SW 1994-1
954,3,TR 1994-1,TR 1994-1
957,2,PUUA 1993-4,PUUA 1993-4
962,4,DW 1994-2,DW 1994-2
963,5,SW 1994-2,SW 1994-2
964,2,RAN 1994-2,RAN 1994-2
966,1,PMN 1994-2,PMN 1994-2
969,3,TR 1994-2,TR 1994-2
971,1,PMNC 1994-1,PMNC 1994-1
972,1,PMNC 1994-2,PMNC 1994-2
974,3,TRCP 1994,1994 Precipitation Composites
976,4,DW 1994-3,DW 1994-3
977,1,PMN 1994-3,PMN 1994-3
978,2,RAN 1994-3,RAN 1994-3
979,5,SW 1994-3,SW 1994-3
981,3,TR 1994-3,TR 1994-3
985,2,RAN 1994-4,RAN 1994-4
986,1,PMN 1994-4,PMN 1994-4
987,4,DW 1994-4,DW 1994-4
988,5,SW 1994-4,SW 1994-4
989,3,TR 1994-4,TR 1994-4
993,1,PMNC 1994-4,PMNC 1994-4
994,4,DWCP 1994,DWCP 1994
995,2,PUUA 1994-2,PUUA 1994-2
996,2,PUUA 1994-4,PUUA 1994-4
997,2,RAN 1995-1,RAN 1995-1
998,1,PMN 1995-1,PMN 1995-1
999,5,SW 1995-1,SW 1995-1
1000,4,DW 1995-1,DW 1995-1
1001,3,TR 1995-1,TR 1995-1
1005,2,RAN 1995-2,RAN 1995-2
1006,1,PMN 1995-2,PMN 1995-2
1007,4,DW 1995-2,DW 1995-2
1008,5,SW 1995-2,SW 1995-2
1009,3,TR 1995-2,TR 1995-2
1013,3,TRCP 1995,1995 Precipitation Composites
1014,2,RAN 1995-3,RAN 1995-3
1015,1,PMN 1995-3,PMN 1995-3
1016,4,DW 1995-3,DW 1995-3
1017,5,SW 1995-3,SW 1995-3
1018,1,PMNC 1995-1,PMNC 1995-1
1019,3,TR 1995-3,TR 1995-3
1020,1,PMNC 1995-2,PMNC 1995-2
1024,2,RAN 1995-4,RAN 1995-4
1026,1,PMN 1995-4,PMN 1995 - 4th quarter
1027,4,DW 1995-4,DW 1995-4
1028,5,SW 1995-4,SW 1995-4
1033,2,PUUA 1995-2,PUUA 1995-2
1034,3,TR 1995-4,TR 1995-4
1035,4,DWCP 1995,1995 drinking water composites
1036,1,PMN 1996-1,PMN 1996-1
1037,2,RAN 1996-1,RAN 1996-1
1039,5,SW 1996-1,SW 1996-1
1040,4,DW 1996-1,DW 1996 - 1st quarter
1044,3,TR 1996-1,TR 1996 - 1st quarter
1047,2,RAN 1996-2,RAN 1996-2
1048,4,DW 1996-2,DW 1996 - 2nd quarter
1049,1,PMN 1996-2,PMN 1996-2
1050,5,SW 1996-2,SW 1996-2
1055,3,TR 1996-2,TR 1996 - 2nd quarter
1059,2,RAN 1996-3,RAN 1996 - 3rd quarter
1060,1,PMN 1996-3,PMN 1996 - 3rd quarter
1061,4,DW 1996-3,DW 1996 - 3rd quarter
1062,5,SW 1996-3,SW 1996-3
1063,1,PMNC 1995-4,PMNC 1995-4
1065,3,TRCP 1996,1996 Precipitation Composites
1070,3,TR 1996-3,TR 1996 - 3rd quarter
1071,2,PUUA 1995-4,PUUA 1995-4
1078,1,PMN 1996-4,PMN 1996-4
1079,4,DW 1996-4,DW 1996 - 4th quarter
1080,5,SW 1996-4,SW 1996-4
1081,2,RAN 1996-4,RAN 1996-4
1084,3,TR 1996-4,TR 1996 - 4th quarter
1085,4,DWCP 1996,1996 drinking water composites
1086,1,PMN 1997-1,PMN 1997 - 1st quarter
1087,4,DW 1997-1,DW 1997 - 1st quarter
1088,5,SW 1997-1,SW 1997 - 1st quarter
1089,2,RAN 1997-1,RAN 1997-1
1095,3,TR 1997-1,TR 1997 - 1st quarter
1100,1,PMN 1997-2,PMN 1997 - 2nd quarter
1101,4,DW 1997-2,DW 1997 - 2nd quarter
1102,2,RAN 1997-2,RAN 1997 - 2nd quarter
1103,5,SW 1997-2,SW 1997 - 2nd quarter
1107,3,TR 1997-2,TR 1997 - 2nd quarter
1109,2,RAN 1997-3,RAN 1997 - 3rd quarter
1110,1,PMN 1997-3,PMN 1997 - 3rd quarter
1111,4,DW 1997-3,DW 1997 - 3rd quarter
1112,5,SW 1997-3,SW 1997 - 3rd quarter
1113,3,TR 1997-3,TR 1997 - 3rd quarter
1118,2,RAN 1997-4,RAN 1997 - 4th quarter
1119,3,TR 1997-4,TR 1997 - 4th quarter
1120,4,DW 1997-4,DW 1997 - 4th quarter
1121,5,SW 1997-4,SW 1997 - 4th quarter
1122,1,PMN 1997-4,PMN 1997 - 4th quarter
1133,2,RAN 1998-1,RAN 1998 - 1st quarter
1134,1,PMN 1998-1,PMN 1998 - 1st quarter
1135,4,DW 1998-1,DW 1998 - 1st quarter
1136,5,SW 1998-1,SW 1998 - 1st quarter
1137,4,DWCP 1997,1997 drinking water composites
1142,2,RAN 1998-2,RAN 1998 - 2nd quarter
1144,2,PUUA 1996,1996 air filter composites
1145,3,TR 1998-1,TR 1998 - 1st quarter
1150,1,PMN 1998-2,PMN 1998 - 2nd quarter
1151,5,SW 1998-2,SW 1998 - 2nd quarter
1152,4,DW 1998-2,DW 1998 - 2nd quarter
1153,3,TR 1998-2,TR 1998 - 2nd quarter
1154,2,PUUA 1997,1997 air filter composites
1158,4,DW 1998-3,DW 1998 - 3rd quarter
1159,5,SW 1998-3,SW 1998 - 3rd quarter
1160,3,TR 1998-3,TR 1998 - 3rd quarter
1161,1,PMN 1998-3,PMN 1998 - 3rd quarter
1162,2,RAN 1998-3,RAN 1998 - 3rd quarter
1189,2,RAN 1998-4,RAN 1998 - 4th quarter
1190,4,DW 1998-4,DW 1998 - 4th quarter
1191,5,SW 1998-4,SW 1998 - 4th quarter
1192,3,TR 1998-4,TR 1998 - 4th quarter
1193,1,PMN 1998-4,PMN 1998 - 4th quarter
1202,4,DW 1999-3,DW 1999-3
1203,4,DW 1999-2,DW 1999-2
1204,4,DW 1999-4,DW 1999-4
1205,3,TR 1999-1,TR 1999-1
1206,3,TR 1999-2,TR 1999-2
1207,3,TR 1999-3,TR 1999-3
1208,3,TR 1999-4,TR 1999-4
1209,2,RAN 1999-1,RAN 1999-1
1210,2,RAN 1999-2,RAN 1999-2
1211,2,RAN 1999-3,RAN 1999-3
1212,2,RAN 1999-4,RAN 1999-4
1213,5,SW 1999-1,SW 1999-1
1214,5,SW 1999-2,SW 1999-2
1215,5,SW 1999-3,SW 1999-3
1216,5,SW 1999-4,SW 1999-4
1217,1,PMN 1999-1,PMN 1999-1
1218,1,PMN 1999-2,PMN 1999-2
1219,1,PMN 1999-3,PMN 1999-3
1220,1,PMN 1999-4,PMN 1999-4
1221,2,PUUA 1998,1998 AIR FILTER COMPOSITES
1222,4,DWCP 1998,1998 DRINKING WATER COMPOSITES
1223,4,DW 1999-1,DW 1999-1
1263,4,DW 2000-1,DW 2000-1
1264,4,DW 2000-2,DW 2000-2
1265,4,DW 2000-3,DW 2000-3
1266,4,DW 2000-4,DW 2000-4
1267,1,PMN 2000-1,PMN 2000-1
1268,1,PMN 2000-2,PMN 2000-2
1269,1,PMN 2000-3,PMN 2000-3
1270,1,PMN 2000-4,PMN 2000-4
1271,3,TR 2000-1,TR 2000-1
1272,3,TR 2000-2,TR 2000-2
1273,3,TR 2000-3,TR 2000-3
1274,3,TR 2000-4,TR 2000-4
1275,2,RAN 2000-1,RAN 2000-1
1276,2,RAN 2000-2,RAN 2000-2
1277,2,RAN 2000-3,RAN 2000-3
1278,2,RAN 2000-4,RAN 2000-4
1297,4,DWCP 1999,1999 DRINKING WATER COMPOSITES
1298,2,PUUA 1999,1999 AIR FILTER COMPOSITES
1315,2,RAN 2001-1,Ran 2001-1
1316,3,TR 2001-1,TR 2001-1
1317,1,PMN 2001-1,PMN 2001-1
1318,4,DW 2001-1,DW 2001 1st Quarter
1328,4,DW 2001-2,DW 2001-2
1329,4,DW 2001-3,DW 2001 3rd Quarter
1330,4,DW 2001-4,DW 2001 4th Quarter
1331,1,PMN 2001-2,PMN 2001-2
1332,1,PMN 2001-3,PMN 2001 3rd Quarter
1333,1,PMN 2001-4,PMN 2001-4
1334,4,DWCP 2000,2000 Drinking Water Composites
1335,2,RAN 2001-2,RAN 2001 2nd Quarter
1337,3,TR 2001-2,TR 2001-2
1343,2,RAN 2001-3,RAN 2001 Third Quarter
1345,3,TR 2001-3,TR 2001 3rd Quarter
1350,2,RAN 2001-4,RAN 4TH QUARTER 2001
1352,2,PUUA 2000,PUUA AIR FILTERS
1354,3,TR 2001-4,TR 2001 4th Quarter
1356,3,TR 2002-1,TR 2002 1st Quarter
1357,3,TR 2002-2,TR 2002 2nd Quarter
1358,3,TR 2002-3,TR 2002 3rd Quarter
1359,3,TR 2002-4,TR 2002 4th Quarter
1360,4,DW 2002-1,DW 2002 1st Quarter
1361,4,DW 2002-2,DW 2002 2nd Quarter
1362,4,DW 2002-3,DW 2002 3rd Quarter
1363,4,DW 2002-4,DW 2002 4th Quarter
1364,1,PMN 2002-1,PMN 2002 1st Quarter
1365,1,PMN 2002-2,PMN 2002 2nd Quarter
1366,1,PMN 2002-3,PMN 2002 3rd Quarter
1367,1,PMN 2002-4,PMN 2002 4th Quarter
1368,2,RAN 2002-1,RAN 2002 1st Quarter
1369,2,RAN 2002-2,RAN 2002 2nd Quarter
1370,2,RAN 2002-3,RAN 2002 3rd Quarter
1371,2,RAN 2002-4,RAN 2002 4th Quarter
1384,4,DWCP 2001,Drinking water composites for 2001
1387,2,PUUA 2001,PUUA 2001
1409,2,RAN 2003-1,RAN 2003-1 1ST QTR. 2003
1410,2,RAN 2003-2,2003-2 2ND QTR. 2003
1411,2,RAN 2003-3,2003-3 3RD QTR. 2003
1412,2,RAN 2003-4,2003-4 4TH QTR. 2003
1413,4,DW 2003-1,2003-1 1ST QTR. 2003
1414,4,DW 2003-2,2003-2 2ND QTR. 2003
1415,4,DW 2003-3,2003 3RD QTR. 2003
1416,4,DW 2003-4,2003-4 4TH QTR. 2003
1418,1,PMN 2003-1,2003-1 1ST QTR. 2003
1419,1,PMN 2003-2,2003-2 2ND QTR. 2003
1420,1,PMN 2003-3,2003-3 3RD QTR. 2003
1421,1,PMN 2003-4,2003-4 4TH QTR. 2003
1427,3,TR 2003-1,TR 2003 1st Quarter
1428,3,TR 2003-2,TR 2003 2nd Quarter
1429,3,TR 2003-3,TR 2003 3rd Quarter
1430,3,TR 2003-4,TR 2003 4th Quarter
1436,4,DWCP 2002,Drinking Water Composites 2002
1439,2,PUUA 2002,PUUA 2002   RAN composites for 2002
1462,4,DW 2004-1,DW 2004-1 1st quarter
1463,4,DW 2004-2,DW 2004-2 2nd quarter
1464,4,DW 2004-3,DW 2004-3 3rd quarter
1465,4,DW 2004-4,DW 2004-4 4th quarter
1466,1,PMN 2004-1,PMN 2004-1 1st quarter
1467,1,PMN 2004-2,PMN 2004-2 2nd quarter
1468,1,PMN 2004-3,PMN 2004-3 3rd quarter
1469,1,PMN 2004-4,PMN 2004-4 4th quarter
1470,2,RAN 2004-1,RAN 2004-1 1st quarter
1471,2,RAN 2004-2,RAN 2004-2 2nd quarter
1472,2,RAN 2004-3,RAN 2004-3 3rd quarter
1473,2,RAN 2004-4,RAN 2004-4 4th quarter
1474,3,TR 2004-1,TR 2004-1 1st quarter
1475,3,TR 2004-2,TR 2004-2 2nd quarter
1476,3,TR 2004-3,TR 2004-3 3rd quarter
1477,3,TR 2004-4,TR 2004-4 4th quarter
1478,4,DWCP 2003,Drinking Water Composites 2003
1479,2,PUUA 2003,Air Filter Composites 2003
1511,3,TR 2005-1,TR 2005 1st Quarter
1512,3,TR 2005-2,TR 2005 2nd Quarter
1513,2,RAN 2005-1,RAN 2005 1st Quarter
1514,4,DW 2005-1,DW 2005 1st Quarter
1515,1,PMN 2005-1,PMN 2005 1st Quarter
1516,2,RAN 2005-2,RAN 2005 2nd Quarter
1517,2,RAN 2005-3,Ran 2005 3rd Quarter
1518,2,RAN 2005-4,Ran 2005 4th Quarter
1519,3,TR 2005-3,TR 2005 3rd Quarter
1520,3,TR 2005-4,TR 2005 4th Quarter
1521,1,PMN 2005-2,PMN 2005 2nd Quarter
1522,1,PMN 2005-3,PMN 2005 3rd Quarter
1523,1,PMN 2005-4,PMN 2005 4th Quarter
1524,4,DW 2005-2,DW 2005 2nd Quarter
1525,4,DW 2005-3,DW 2005 3rd Quarter
1526,4,DW 2005-4,DW 2005 4th Quarter
1538,2,PUUA 2004,PUUA 2004
1539,4,DWCP 2004,DWCP 2004
1565,2,RAN 2006-01,"RAN 2006-1, 1st Quarter"
1566,3,TR 2006-1,"TR 2006-1, 1st Quarter"
1567,4,DW 2006-1,"DW 2006-1, 1st Quarter"
1568,1,PMN 2006-1,"PMN 2006-1, 1st Quarter"
1570,4,DWCP 2005,Drinking Water Composites 2005
1571,2,PUUA 2005,PUUA RAN Air Filter Composites 2005
1579,4,DW 2006-2,Drinking Water 2nd Quarter
1580,2,RAN 2006-02,RAN 2006-2 2nd Quarter
1581,1,PMN 2006-2,PMN 2006 2nd Quarter
1582,3,TR 2006-3,TR 2006-3 rd Quarter
1587,2,RAN 2006-07,July 2006 RAN
1588,2,RAN 2006-08,August 2006 RAN
1589,2,RAN 2006-09,September 2006 RAN
1590,2,RAN 2006-10,October 2006 RAN
1591,2,RAN 2006-11,November 2006 RAN
1592,2,RAN 2006-12,December 2006 RAN
1595,1,PMN 2006-3,PMN 2006 3rd Quarter
1596,4,DW 2006-3,Drinking Water 3rd Quarter
1599,4,DW 2006-4,Drinking Water 2006 4th quarter
1600,3,TR 2006-4,Precipitation 2006 4th Quarter
1601,1,PMN 2006-4,Milk Network 2006 4th Quarter
1602,3,TR 2006-2,Precipitation 2006 2nd Quarter
1606,2,RAN 2007-01,RAN January 2007
1607,4,DW 2007-1,Drinking Water 1st Quarter
1608,1,PMN 2007-1,PMN 2007 1st Quarter
1612,26,PUUA 2006,PUUA Air Filter Composites 2006
1613,27,DWCP 2006,DWCP 2006 Drinking Water Composites
1616,25,RAIN 2007-1,Rain
1617,2,RAN 2007-02,"RAN 2007 February, 2007"
1618,3,TR 2007-1,TR 2007 1st Quarter
1620,2,RAN 2007-03,RAN March 2007
1622,2,RAN 2007-04,RAN 2007 April
1623,3,TR 2007-2,Precipitation 2007 2nd Quarter
1624,25,RAIN 2007-2,Rain samples
1625,1,PMN 2007-2,PMN 2007 2nd Quarter
1626,4,DW 2007-2,DW 2007 2nd Quarter
1627,2,RAN 2007-05,RAN 2007 May
1628,2,RAN 2007-06,RAN 2007 June
1632,4,DW 2007-3,Drinking Water 3rd Quarter
1633,1,PMN 2007-3,PMN 3rd Quarter
1634,3,TR 2007-3,Precipitation 3rd Quarter
1635,2,RAN 2007-07,RAN 2007 July
1636,25,RAIN 2007-3,Rain 3rd Quarter
1640,2,RAN 2007-08,RAN 2007-8 August 2007
1641,25,RAIN 2007-4,Rain 4th Quarter
1645,2,RAN 2007-09,RAN September 2007
1646,2,RAN 2007-10,"RAN 2007-10, October Airs"
1647,2,RAN 2007-11,RAN 2007-11 November Airs
1648,2,RAN 2007-12,"RAN 2007-12, December Airs"
1649,4,DW 2007-4,Drinking Water 4th Quarter
1650,3,TR 2007-4,Precipitation 2007 4th Quarter
1651,1,PMN 2007-4,Milk 2007 4th Quarter
1659,25,RAIN 2008-1,Rain Samples 1st quarter
1660,25,RAIN 2008-2,Rain Samples 2nd Quarter
1661,25,RAIN 2008-3,Rain Samples 3rd quarter
1662,25,RAIN 2008-4,Rain Samples 4th Quarter
1663,2,RAN 2008-01,RAN Air Samples January 2008
1664,3,TR 2008-1,TR 2008 1st Quarter
1665,3,TR 2008-2,TR 2008 2nd Quarter
1666,3,TR 2008-3,TR 2008 3rd Quarter
1667,3,TR 2008-4,TR 2008 4th Quarter
1668,1,PMN 2008-1,PMN 2008 1st Quarter
1669,1,PMN 2008-2,PMN 2008 2nd Quarter
1670,1,PMN 2008-3,PMN 2008 3rd Quarter
1671,1,PMN 2008-4,PMN 2008 4th Quarter
1672,4,DW 2008-1,DW 2008 1st Quarter
1673,4,DW 2008-2,DW 2008 2nd Quarter
1674,4,DW 2008-3,DW 2008 3rd Quarter
1675,4,DW 2008-4,DW 2008 4th Quarter
1676,2,RAN 2008-02,RAN February 2008
1677,2,RAN 2008-03,RAN March 2008
1678,2,RAN 2008-04,RAN April 2008
1679,2,RAN 2008-05,RAN May 2008
1680,2,RAN 2008-06,RAN June 2008
1681,2,RAN 2008-07,RAN July 2008
1682,2,RAN 2008-08,RAN August 2008
1683,2,RAN 2008-09,RAN September 2008
1684,2,RAN 2008-10,RAN October 2008
1685,2,RAN 2008-11,RAN November 2008
1686,2,RAN 2008-12,RAN December 2008
1693,27,DWCP 2007,DWCP 2007 Drinking Water Composites
1698,26,PUUA 2007,"PUUA Ran Air Composites, 2007"
1713,2,RAN 2009-01,RAN January 2009
1714,2,RAN 2009-02,RAN February 2009
1715,2,RAN 2009-03,RAN March 2009
1716,2,RAN 2009-04,RAN April 2009
1717,2,RAN 2009-05,RAN May 2009
1718,2,RAN 2009-06,RAN June 2009
1719,2,RAN 2009-07,RAN July 2009
1720,2,RAN 2009-08,RAN August 2009
1721,2,RAN 2009-10,RAN October 2009
1722,2,RAN 2009-11,RAN November 2009
1723,2,RAN 2009-12,RAN December 2009
1724,3,TR 2009-1,TR 1st Quarter 2009
1725,3,TR 2009-2,TR 2nd Quarter 2009
1726,3,TR 2009-3,TR 3rd Quarter 2009
1727,3,TR 2009-4,TR 4th Quarter 2009
1728,1,PMN 2009-1,PMN 1st Quarter 2009
1729,1,PMN 2009-2,PMN 2nd Quarter 2009
1730,1,PMN 2009-3,PMN 3rd Quarter 2009
1731,1,PMN 2009-4,PMN 4th Quarter 2009
1732,4,DW 2009-1,DW 1st Quarter 2009
1733,4,DW 2009-2,DW 2nd Quarter 2009
1734,4,DW 2009-3,DW 3rd Quarter 2009
1735,4,DW 2009-4,DW 4th Quarter 2009
1736,25,RAIN 2009-1,RAIN 1st Quarter 2009
1737,25,RAIN 2009-2,RAIN 2nd Quarter 2009
1738,25,RAIN 2009-3,RAIN 3rd Quarter 2009
1739,25,RAIN 2009-4,RAIN 4th Quarter 2009
1749,27,DWCP 2008,DWCP 2008 Drinking Water Composites
1758,26,PUUA 2008,"PUUA Ran Air Composites, 2008"
1761,2,RAN 2009-09,RAN September 2009
1767,2,RAN 2010-01,RAN January 2010
1768,2,RAN 2010-02,RAN February 2010
1769,2,RAN 2010-03,RAN March 2010
1770,2,RAN 2010-04,RAN April 2010
1771,2,RAN 2010-05,RAN May 2010
1772,2,RAN 2010-06,RAN June 2010
1773,2,RAN 2010-07,RAN July 2010
1774,2,RAN 2010-08,RAN August 2010
1775,2,RAN 2010-09,RAN September 2010
1776,2,RAN 2010-10,RAN October 2010
1777,2,RAN 2010-11,RAN November 2010
1778,2,RAN 2010-12,RAN December 2010
1780,4,DW 2010-1,DW 1st Quarter 2010
1781,4,DW 2010-2,DW 2nd Quarter 2010
1782,4,DW 2010-3,DW 3rd Quarter 2010
1783,4,DW 2010-4,DW 4th Quarter 2010
1784,25,RAIN 2010-1,RAIN 1st Quarter 2010
1785,25,RAIN 2010-2,RAIN 2nd Quarter 2010
1786,25,RAIN 2010-3,RAIN 3rd Quarter 2010
1787,25,RAIN 2010-4,RAIN 4th Quarter 2010
1788,3,TR 2010-1,TR 1st Quarter 2010
1789,3,TR 2010-2,TR 2nd Quarter 2010
1790,3,TR 2010-3,TR 3rd Quarter 2010
1791,3,TR 2010-4,TR 4th Quarter 2010
1792,27,DWCP 2009,DWCP 2009 Drinking Water Composites
1793,26,PUUA 2009,PUUA RAN Air Filter Composites 2009
1794,1,PMN 2010-1,PMN 1st Quarter 2010
1795,1,PMN 2010-2,PMN 2nd Quarter 2010
1796,1,PMN 2010-3,PMN 3rd Quarter 2010
1797,1,PMN 2010-4,PMN 4th Quarter 2010
1815,26,HILO HAWAII AIR FILT,Hilo Hawaii Semi-Annual Air Filter Study
1816,25,RAIN 2011-1,RAIN 1st Quarter 2011
1817,25,RAIN 2011-2,RAIN 2nd Quarter 2011
1818,25,RAIN 2011-3,RAIN 3rd Quarter 2011
1819,25,RAIN 2011-4,RAIN 4th Quarter 2011
1820,2,RAN 2011-01,RAN January 2011
1821,2,RAN 2011-02,RAN February 2011
1822,2,RAN 2011-03,RAN March 2011
1828,1,PMN 2011-1,PMN 1st Quarter 2011
1830,1,PMN 2011-2,PMN 2nd Quarter 2011
1831,1,PMN 2011-3,PMN 3rd Quarter 2011
1832,1,PMN 2011-4,PMN 4th Quarter 2011
1833,4,DW 2011-1,DW 1st Quarter 2011
1834,4,DW 2011-2,DW 2nd Quarter 2011
1835,4,DW 2011-3,DW 3rd Quarter 2011
1836,4,DW 2011-4,DW 4th Quarter 2011
1837,3,TR 2011-1,TR 1st Quarter 2011
1838,3,TR 2011-2,TR 2nd Quarter 2011
1839,3,TR 2011-3,TR 3rd Quarter 2011
1840,3,TR 2011-4,TR 4th Quarter 2011
1841,27,DWCP 2010,DWCP 2010 Drinking Water Composites
1842,2,RAN 2011-04,RAN April 2011
1843,2,RAN 2011-05,RAN May 2011
1844,2,RAN 2011-06,RAN June 2011
1845,2,RAN 2011-07,RAN July 2011
1846,2,RAN 2011-08,RAN August 2011
1847,2,RAN 2011-09,RAN September 2011
1848,2,RAN 2011-10,RAN October 2011
1849,2,RAN 2011-11,RAN November 2011
1850,2,RAN 2011-12,RAN December 2011
1855,30,JAPAN DEPLOYABLES,Japan Nuclear Incident Deployables 2011
1856,2,RAN 2011-03-23,"RAN March 23, 2011"
1857,30,JAPAN DEPLOYS 032311,Japan Nuclear Incident Deployables 032311
1858,25,RAIN 2011-1-0323,Rain 1st Quarter 2011-03-23
1859,1,PMN 2011-1-0323,PMN 1st Quarter 2011-03-23
1860,2,RAN 2011-03-24,"RAN March 24, 2011"
1861,1,PMN 2011-1-0324,PMN 1st Quarter 2011-03-24
1862,25,RAIN 2011-1-0324,Rain 1st Quarter 2011-03-24
1863,30,JAPAN DEPLOYS 032411,Japan Nuclear Incident Deployables 032411
1864,25,RAIN 2011-1-0325,Rain 1st Quarter 2011-03-25
1865,1,PMN 2011-1-0325,PMN 1st Quarter 2011-03-25
1866,2,RAN 2011-03-25,"RAN March 25, 2011"
1867,30,JAPAN DEPLOYS 032511,Japan Nuclear Incident Deployables 032511
1868,30,JAPAN DEPLOYS 032611,Japan Nuclear Incident Deployables 032611
1869,1,PMN 2011-1-0326,PMN 1st Quarter 2011-03-26
1870,2,RAN 2011-03-28,"RAN March 28, 2011"
1871,1,PMN 2011-1-0328,PMN 1st Quarter 2011-03-28
1872,25,RAIN 2011-1-0328,Rain 1st Quarter 2011-03-28
1873,30,JAPAN DEPLOYS 032811,Japan Nuclear Incident Deployables 032811
1874,2,RAN 2011-03-29,"RAN March 29, 2011"
1875,30,JAPAN DEPLOYS 032911,Japan Nuclear Incident Deployables 032911
1876,1,PMN 2011-1-0329,PMN 1st Quarter 2011-03-29
1877,25,RAIN 2011-1-0329,Rain 1st Quarter 2011-03-29
1878,2,RAN 2011-03-30,"RAN March 30, 2011"
1879,1,PMN 2011-1-0330,PMN 1st Quarter 2011-03-30
1880,25,RAIN 2011-1-0330,Rain 1st Quarter 2011-03-30
1881,30,JAPAN DEPLOYS 033011,Japan Nuclear Incident Deployables 033011
1882,4,DW 2011-1-0330,DW 1st Quarter 2011-03-30
1883,2,RAN 2011-03-31,"RAN March 31, 2011"
1884,1,PMN 2011-1-0331,PMN 1st Quarter 2011-03-31
1885,25,RAIN 2011-1-0331,Rain 1st Quarter 2011-03-31
1886,4,DW 2011-1-0331,DW 1st Quarter 2011-03-31
1887,30,JAPAN DEPLOYS 033111,Japan Nuclear Incident Deployables 033111
1888,25,RAIN 2011-1-0401,Rain 1st Quarter 2011-04-01
1889,1,PMN 2011-1-0401,PMN 1st Quarter 2011-04-01
1890,2,RAN 2011-04-01,"RAN April 1, 2011"
1891,30,JAPAN DEPLOYS 040111,Japan Nuclear Incident Deployables 040111
1892,4,DW 2011-1-0401,DW 1st Quarter 2011-04-01
1894,30,JAPAN DEPLOYS 040211,Japan Nuclear Incident Deployables 040211
1895,4,DW 2011-1-0402,DW 1st Quarter 2011-04-02
1897,1,PMN 2011-2-0402,PMN 2nd Quarter 2011-04-02
1898,4,DW 2011-2-0401,DW 2nd Quarter 2011-04-01
1899,2,RAN 2011-04-04,"RAN April 4, 2011"
1900,1,PMN 2011-2-0404,PMN 2nd Quarter 2011-04-04
1901,25,RAIN 2011-2-0404,RAIN 2nd Quarter 2011-04-04
1902,4,DW 2011-2-0404,DW 2nd Quarter 2011-04-04
1903,30,JAPAN DEPLOYS 040411,Japan Nuclear Incident Deployables 040411
1904,30,JAPAN DEPLOYS 040511,Japan Nuclear Incident Deployables 040511
1905,4,DW 2011-2-0405,DW 2nd Quarter 2011-04-05
1906,2,RAN 2011-04-05,"RAN April 5, 2011"
1907,1,PMN 2011-2-0405,PMN 2nd Quarter 2011-04-05
1908,25,RAIN 2011-2-0405,Rain 2nd Quarter 2011-04-05
1909,2,RAN 2011-04-06,"RAN April 6, 2011"
1910,1,PMN 2011-2-0406,PMN 2nd Quarter 2011-04-06
1911,25,RAIN 2011-2-0406,Rain 2nd Quarter 2011-04-06
1912,30,JAPAN DEPLOYS 040611,Japan Nuclear Incident Deployables 040611
1913,4,DW 2011-2-0406,DW 2nd Quarter 2011-04-06
1914,2,RAN 2011-04-07,"RAN April 7, 2011"
1915,1,PMN 2011-2-0407,PMN 2nd Quarter 2011-04-07
1916,25,RAIN 2011-2-0407,Rain 2nd Quarter 2011-04-07
1917,30,JAPAN DEPLOYS 040711,Japan Nuclear Incident Deployables 040711
1918,4,DW 2011-2-0407,DW 2nd Quarter 2011-04-07
1919,2,RAN 2011-04-08,"RAN April 8, 2011"
1920,25,RAIN 2011-2-0408,Rain 2nd Quarter 2011-04-08
1921,1,PMN 2011-2-0408,PMN 2nd Quarter 2011-04-08
1922,4,DW 2011-2-0408,DW 2nd Quarter 2011-04-08
1923,30,JAPAN DEPLOYS 040811,Japan Nuclear Incident Deployables 040811
1926,26,PUUA 2010,PUUA RAN Air Filter Composites 2010
1939,2,RAN 2011-DISAPPROVED,RAN 2011 - Disapproved air filters
1940,2,RAN 2012-01,RAN January 2012
1941,4,DW 2012-1,Drinking Water 1st quarter 2012
1942,3,TR 2012-1,Rain Water 2012 1st quarter
1943,1,PMN 2012-1,Pasteurized Milk Network 2012 1st quarter
1944,25,RAIN 2012-1,Rain Water Individual Samples 2012 1st quarter
1945,2,RAN 2012-DISAPPROVED,RAN 2012 - Disapproved air filters
1949,2,RAN 2012-02,RAN February 2012
1950,2,RAN 2012-03,RAN March 2012
1951,2,RAN 2012-04,RAN April 2012
1952,2,RAN 2012-05,RAN May 2012
1953,2,RAN 2012-06,RAN June 2012
1954,2,RAN 2012-07,RAN July 2012
1955,2,RAN 2012-08,RAN August 2012
1956,2,RAN 2012-09,RAN September 2012
1957,2,RAN 2012-10,RAN October 2012
1958,2,RAN 2012-11,RAN November 2012
1959,2,RAN 2012-12,RAN December 2012
1960,4,DW 2012-2,Drinking Water 2nd quarter 2012
1961,4,DW 2012-3,Drinking Water 3rd quarter 2012
1962,4,DW 2012-4,Drinking Water 4th quarter 2012
1963,25,RAIN 2012-2,Rain Water Individual Samples 2012 2nd quarter
1964,25,RAIN 2012-3,Rain Water Individual Samples 2012 3rd quarter
1965,25,RAIN 2012-4,Rain Water Individual Samples 2012 4th quarter
1966,3,TR 2012-2,Rain Water 2012 2nd quarter
1967,3,TR 2012-3,Rain Water 2012 3rd quarter
1968,3,TR 2012-4,Rain Water 2012 4th quarter
1969,1,PMN 2012-2,Pasteurized Milk Network 2012 2nd quarter
1970,1,PMN 2012-3,Pasteurized Milk Network 2012 3rd quarter
1971,1,PMN 2012-4,Pasteurized Milk Network 2012 4th quarter
1973,26,PUUA 2011,PUUA RAN Air Filter Composites 2011
1974,27,DWCP 2011,DWCP 2011 Drinking Water Composites
2005,2,RAN 2013-01,RAN January 2013
2006,2,RAN 2013-02,RAN February 2013
2007,2,RAN 2013-03,RAN March 2013
2008,2,RAN 2013-04,RAN April 2013
2009,2,RAN 2013-05,RAN May 2013
2010,2,RAN 2013-06,RAN June 2013
2011,2,RAN 2013-07,RAN July 2013
2012,2,RAN 2013-08,RAN August 2013
2013,2,RAN 2013-09,RAN September 2013
2014,2,RAN 2013-10,RAN October 2013
2015,2,RAN 2013-11,RAN November 2013
2016,2,RAN 2013-12,RAN December 2013
2017,2,RAN 2013-DISAPPROVED,RAN 2013 - Disapproved air filters
2020,26,PUUA 2012,PUUA RAN Air Filter Composites for 2012
2021,4,DW 2013-1,Drinking Water 1st Quarter 2013
2022,4,DW 2013-2,Drinking Water 2nd Quarter 2013
2023,4,DW 2013-3,Drinking Water 3rd Quarter 2013
2024,4,DW 2013-4,Drinking Water 4th Quarter 2013
2025,27,DWCP 2012,Drinking Water Composites (DWCP) for 2012
2026,25,RAIN 2013-1,Rain Water Individual Samples for 1st Quarter for 2013
2027,25,RAIN 2013-2,Rain Water Individual Samples for 2nd Quarter for 2013
2028,25,RAIN 2013-3,Rain Water Individual Samples for 3rd Quarter for 2013
2029,25,RAIN 2013-4,Rain Water Individual Samples for 4th Quarter for 2013
2030,3,TR 2013-1,Rain Water Monthly Composites for 1st Quarter 2013
2031,3,TR 2013-2,Rain Water Monthly Composites for 2nd Quarter 2013
2032,3,TR 2013-3,Rain Water Monthly Composites for 3rd Quarter 2013
2033,3,TR 2013-4,Rain Water Monthly Composites for 4th Quarter 2013
2034,1,PMN 2013-1,Pasteurized Milk Network 1st Quarter 2013
2035,1,PMN 2013-2,Pasteurized Milk Network 2nd Quarter 2013
2036,1,PMN 2013-3,Pasteurized Milk Network 3rd Quarter 2013
2037,1,PMN 2013-4,Pasteurized Milk Network 4th Quarter 2013
2080,2,RAN 2014-01,RAN January 2014
2081,2,RAN 2014-02,RAN February 2014
2082,2,RAN 2014-03,RAN March 2014
2083,2,RAN 2014-04,RAN April 2014
2084,2,RAN 2014-05,RAN May 2014
2085,2,RAN 2014-06,RAN June 2014
2086,2,RAN 2014-07,RAN July 2014
2087,2,RAN 2014-08,RAN August 2014
2088,2,RAN 2014-09,RAN September 2014
2089,2,RAN 2014-10,RAN October 2014
2090,2,RAN 2014-11,RAN November 2014
2091,2,RAN 2014-12,RAN December 2014
2092,2,RAN 2014-DISAPPROVED,RAN 2014 - Disapproved air filters
2093,26,PUUA 2013,PUUA RAN Air Filter Composites for 2013
2094,25,RAIN 2014-1,Rain Water Individual Samples for 1st Quarter for 2014
2095,25,RAIN 2014-2,Rain Water Individual Samples for 2nd Quarter for 2014
2096,25,RAIN 2014-3,Rain Water Individual Samples for 3rd Quarter for 2014
2097,25,RAIN 2014-4,Rain Water Individual Samples for 4th Quarter for 2014
2098,3,TR 2014-1,Rain Water Monthly Composites for 1st Quarter 2014
2099,3,TR 2014-2,Rain Water Monthly Composites for 2nd Quarter 2014
2100,3,TR 2014-3,Rain Water Monthly Composites for 3rd Quarter 2014
2101,3,TR 2014-4,Rain Water Monthly Composites for 4th Quarter 2014
2102,4,DW 2014-1,Drinking Water 1st Quarter 2014
2103,4,DW 2014-2,Drinking Water 2nd Quarter 2014
2104,4,DW 2014-3,Drinking Water 3rd Quarter 2014
2105,4,DW 2014-4,Drinking Water 4th Quarter 2014
2106,27,DWCP 2013,Drinking Water Composites (DWCP) for 2013
2107,1,PMN 2014-1,Pasteurized Milk Network 1st Quarter 2014
2108,1,PMN 2014-2,Pasteurized Milk Network 2nd Quarter 2014
2109,1,PMN 2014-3,Pasteurized Milk Network 3rd Quarter 2014
2110,1,PMN 2014-4,Pasteurized Milk Network 4th Quarter 2014
2157,4,DW 2015-1,RadNet Drinking Water 1st quarter 2015
2158,4,DW 2015-2,RadNet Drinking Water 2nd quarter 2015
2159,4,DW 2015-3,RadNet Drinking Water 3rd quarter 2015
2160,4,DW 2015-4,RadNet Drinking Water 4th quarter 2015
2161,3,TR 2015-1,RadNet Precipitation Network 1st quarter
2162,3,TR 2015-2,RadNet Precipitation Network 2nd quarter
2163,3,TR 2015-3,RadNet Precipitation Network 3rd quarter
2164,3,TR 2015-4,RadNet Precipitation Network 4th quarter
2165,25,RAIN 2015-1,Individual Rain Samples 2015 1st quarter
2166,25,RAIN 2015-2,Individual Rain Samples 2015 2nd quarter
2167,25,RAIN 2015-3,Individual Rain Samples 2015 3rd quarter
2168,25,RAIN 2015-4,Individual Rain Samples 2015 4th quarter
2169,2,RAN 2015-02,Radiation Alert Network Samples 2015 February
2170,2,RAN 2015-03,Radiation Alert Network Samples 2015 March
2171,2,RAN 2015-04,Radiation Alert Network Samples 2015 April
2172,2,RAN 2015-05,Radiation Alert Network Samples 2015 May
2173,2,RAN 2015-06,Radiation Alert Network Samples 2015 June
2174,2,RAN 2015-07,Radiation Alert Network Samples 2015 July
2175,2,RAN 2015-08,Radiation Alert Network Samples 2015 August
2176,2,RAN 2015-09,Radiation Alert Network Samples 2015 September
2177,2,RAN 2015-10,Radiation Alert Network Samples 2015 October
2178,2,RAN 2015-11,Radiation Alert Network Samples 2015 November
2179,2,RAN 2015-12,Radiation Alert Network Samples 2015 December
2180,27,DWCP 2014,Drinking Water Composites (DWCP) for 2014
2181,26,PUUA 2014,2014 RAN Anuual Composites
2187,2,RAN 2015-DISAPPROVED,RAN 2015 - Disapproved air filters
2188,2,RAN 2015-01,Radiation Alert Network Samples 2015 January
2229,25,RAIN 2016-1,Individual Rain Samples 2016 1st Quarter
2230,25,RAIN 2016-2,Individual Rain Samples 2016 2nd Quarter
2231,25,RAIN 2016-3,Individual Rain Samples 2016 3rd Quarter
2232,25,RAIN 2016-4,Individual Rain Samples 2016 4th Quarter
2233,4,DW 2016-1,RadNet Drinking Water 1st Quarter
2234,4,DW 2016-2,RadNet Drinking Water 2nd Quarter
2235,4,DW 2016-3,RadNet Drinking Water 3rd Quarter
2236,4,DW 2016-4,RadNet Drinking Water 4th Quarter
2237,3,TR 2016-1,RadNet Precipitation Network 1st Quarter 2016
2238,3,TR 2016-2,RadNet Precipitation Network 2nd Quarter 2016
2239,3,TR 2016-3,RadNet Precipitation Network 3rd Quarter 2016
2240,3,TR 2016-4,RadNet Precipitation Network 4th Quarter 2016
2241,2,RAN 2016-DISAPPROVED,RAN 2016 Disapproved Air Filters
2242,2,RAN 2016-01,Radiation Alert Network Samples 2016 January
2243,2,RAN 2016-02,Radiation Alert Network Samples 2016 February
2244,2,RAN 2016-03,Radiation Alert Network Samples 2016 March
2245,2,RAN 2016-04,Radiation Alert Network Samples 2016 April
2246,2,RAN 2016-05,Radiation Alert Network Samples 2016 May
2247,2,RAN 2016-06,Radiation Alert Network Samples 2016 June
2248,2,RAN 2016-07,Radiation Alert Network Samples 2016 July
2249,2,RAN 2016-08,Radiation Alert Network Samples 2016 August
2250,2,RAN 2016-09,Radiation Alert Network Samples 2016 September
2251,2,RAN 2016-10,Radiation Alert Network Samples 2016 October
2252,2,RAN 2016-11,Radiation Alert Network Samples 2016 November
2253,2,RAN 2016-12,Radiation Alert Network Samples 2016 December
2273,27,DWCP 2015,Drinking Water Composites 2015
2274,26,PUUA 2015,PUUA 2015
2291,2,RAN 2017-01,RAN January 2017
2292,2,RAN 2017-02,RAN February 2017
2293,2,RAN 2017-03,RAN March 2017
2294,2,RAN 2017-04,RAN April 2017
2295,2,RAN 2017-05,RAN May 2017
2296,2,RAN 2017-06,RAN June 2017
2297,2,RAN 2017-07,RAN July 2017
2298,2,RAN 2017-08,RAN August 2017
2299,2,RAN 2017-09,RAN September 2017
2300,2,RAN 2017-10,RAN October 2017
2301,2,RAN 2017-11,RAN November 2017
2302,2,RAN 2017-12,RAN December 2017
2303,4,DW 2017-1,DW 1st Quarter 2017
2304,4,DW 2017-2,DW 2nd Quarter 2017
2305,4,DW 2017-3,DW 3rd Quarter 2017
2306,4,DW 2017-4,DW 4th Quarter 2017
2307,3,TR 2017-1,TR 1st Quarter 2017
2308,3,TR 2017-2,TR 2nd Quarter 2017
2309,3,TR 2017-3,TR 3rd Quarter 2017
2310,3,TR 2017-4,TR 4th Quarter 2017
2311,25,RAIN 2017-1,RAIN 1st Quarter 2017
2312,25,RAIN 2017-2,RAIN 2nd Quarter 2017
2313,25,RAIN 2017-3,RAIN 3rd Quarter 2017
2314,25,RAIN 2017-4,RAIN 4th Quarter 2017
2317,26,PUUA 2016,PUUA 2016 RAN Composites
2318,27,DWCP 2016,DWCP 2016 Drinking Water Composites
2363,2,RAN 2018-01,RAN January 2018
2364,2,RAN 2018-02,RAN February 2018
2365,2,RAN 2018-03,RAN March 2018
